{
  "profit_capability": {
    "T1": 0.0125,
    "T2": 0.0125,
    "T3": 0.0125,
    "T4": 0.0125,
    "T5": 0.0125,
    "T6": 0.0125,
    "T7": 0.0125,
    "T8": 0.0125,
    "T9": 0.0125,
    "T10": 0.0125,
    "T11": 0.0125,
    "T12": 0.0125,
    "T13": 0.0125,
    "T14": 0.0125,
    "T15": 0.0125,
    "T16": 0.0125
  },
  "operate_capability": {
    "T17": 0.01,
    "T18": 0.01,
    "T19": 0.01,
    "T20": 0.01,
    "T21": 0.01,
    "T22": 0.01,
    "T23": 0.01,
    "T24": 0.01,
    "T25": 0.01,
    "T26": 0.01,
    "T27": 0.01,
    "T28": 0.01,
    "T29": 0.01,
    "T30": 0.01,
    "T31": 0.01,
    "T32": 0.01,
    "T33": 0.01,
    "T34": 0.01,
    "T35": 0.01,
    "T36": 0.01
  },
  "industry_status": {
    "T38": 0.05,
    "T39": 0.025,
    "T40": 0.025,
    "T41": 0.025,
    "T42": 0.025,
    "T43": 0.025,
    "T44": 0.025
  },
  "related_power": {
    "T45": 0.02,
    "T46": 0.02,
    "T47": 0.02,
    "T48": 0.02,
    "T49": 0.02,
    "T50": 0.01,
    "T51": 0.01,
    "T52": 0.01,
    "T54": 0.01,
    "T55": 0.01,
    "T56": 0.01,
    "T57": 0.02,
    "T58": 0.02
  },
  "technology_capability": {
    "T59": 0.02,
    "T60": 0.02,
    "T62_1": 0.03,
    "T62_2": 0.03,
    "T63": 0.02,
    "T64": 0.02,
    "T65": 0.02,
    "T66": 0.02,
    "T67": 0.02
  }
}